{
    "train": {
        "accuracy": 0.9983136653900146,
        "loss": 0.011995082721114159
    },
    "eval": {
        "accuracy": 0.9459459185600281,
        "loss": 0.2678256332874298
    },
    "step": 98,
    "test_loss": 0.42598578333854675,
    "test_accuracy": 0.8799999952316284
}
